id,name,read,pattern,sequence,feature_type
CD69,CD69,R2,5PNNNNNNNNNN(BC)NNNNNNNNN,GTCTCTTGGCTTAAA,Antibody Capture
SELL,CD62L,R2,5PNNNNNNNNNN(BC)NNNNNNNNN,GTCCCTGCAACTTGA,Antibody Capture
CCR7,CD197,R2,5PNNNNNNNNNN(BC)NNNNNNNNN,AGTTCAGTCAACCGA,Antibody Capture
CD25,CD25,R2,5PNNNNNNNNNN(BC)NNNNNNNNN,TTTGTCCTGTACGCC,Antibody Capture
PDCD1,CD279,R2,5PNNNNNNNNNN(BC)NNNNNNNNN,ACAGCGCCGTATTTA,Antibody Capture
CD45RA,CD45RA,R2,5PNNNNNNNNNN(BC)NNNNNNNNN,TCAATCCTTCCGCTT,Antibody Capture
IL7R,CD127,R2,5PNNNNNNNNNN(BC)NNNNNNNNN,GTGTGTTGTCCTATG,Antibody Capture
CD4,CD4,R2,5PNNNNNNNNNN(BC)NNNNNNNNN,TGTTCCCGCTCAACT,Antibody Capture
CD45RO,CD45RO,R2,5PNNNNNNNNNN(BC)NNNNNNNNN,CTCCGAATCATGTTG,Antibody Capture
CD8A,CD8A,R2,5PNNNNNNNNNN(BC)NNNNNNNNN,GCTGCGCTTTCCATT,Antibody Capture
CD28,CD28,R2,5PNNNNNNNNNN(BC)NNNNNNNNN,TGAGAACGACCCTAA,Antibody Capture
B3GAT1,CD57,R2,5PNNNNNNNNNN(BC)NNNNNNNNN,AACTCCCTATGGAGG,Antibody Capture
